recording_id,step_ms,chunk_ms,offered,completed,mean_wer_percent,first_partial_ns_mean_seconds,first_usable_transcript_ns_mean_seconds,final_result_ns_mean_seconds,finalization_ns_mean_seconds,stream_decode_wall_ns_mean_seconds,stream_decode_queue_wait_ns_mean_seconds
fleurs_en_us_validation_1523_142,2000,200,3,3,0.0,2.876083274,2.876083274,12.225197803333334,1.8592976403333332,7.552209718666667,0.001361437
fleurs_en_us_validation_1626_141,2000,200,3,3,15.151515151515152,3.2974473553333334,3.2974473553333334,12.352354308,2.1301491833333333,8.703108437000001,0.0007864283333333333
fleurs_en_us_validation_1654_60,2000,200,3,3,0.0,3.2716452433333334,3.2716452433333334,9.966049058333333,1.8017300886666667,5.919465162666667,0.0006177463333333333
fleurs_en_us_validation_1607_28,2000,200,3,3,0.0,3.1479250926666666,3.1479250926666666,5.049030707333333,1.0850594523333335,2.168892903666667,0.00013123566666666667
fleurs_en_us_validation_1521_51,2000,200,3,3,0.0,2.853502808,2.853502808,6.901913204333333,1.2723474696666666,3.482374618,0.00026959566666666666
fleurs_en_us_validation_1523_142,1000,200,3,3,0.0,1.660827763,1.660827763,12.966335366333333,2.6018568286666666,11.237532108666667,0.0022751246666666666
fleurs_en_us_validation_1626_141,1000,200,3,3,18.18181818181818,1.726794178,1.726794178,14.396605113,4.173967472333333,13.037533555666666,0.002155845333333333
fleurs_en_us_validation_1654_60,1000,200,3,3,0.0,1.7223788646666667,1.7223788646666667,11.031408769,2.8671350776666666,9.668896957,0.0016118203333333333
fleurs_en_us_validation_1607_28,1000,200,3,3,0.0,1.8631213336666668,1.8631213336666668,4.858735582333334,0.9042600453333334,3.6021109956666666,0.00022296033333333334
fleurs_en_us_validation_1521_51,1000,200,3,3,0.0,1.6642593616666668,1.6642593616666668,7.676894469,2.074227232,5.9713135159999995,0.00091376
fleurs_en_us_validation_1523_142,2000,100,3,3,0.0,2.858078414,2.858078414,11.896104621666666,1.5036412620000001,7.676227628,0.000840512
fleurs_en_us_validation_1626_141,2000,100,3,3,15.151515151515152,3.175860295,3.175860295,12.322033774,2.0160774006666666,8.767185035666667,0.0008802516666666666
fleurs_en_us_validation_1654_60,2000,100,3,3,0.0,3.268954163666667,3.268954163666667,9.978641792,1.771751447,5.939777128666667,0.000589239
fleurs_en_us_validation_1607_28,2000,100,3,3,0.0,3.5319270146666666,3.5319270146666666,5.177765309,1.1863755936666667,2.566507329,0.000226931
fleurs_en_us_validation_1521_51,2000,100,3,3,0.0,2.852278226,2.852278226,6.949785321,1.2572686826666668,3.4637372933333332,0.00024546133333333336
fleurs_en_us_validation_1523_142,1000,100,3,3,0.0,1.633797366,1.633797366,13.011515536666666,2.6297029203333335,11.27888629,0.0018925559999999999
fleurs_en_us_validation_1626_141,1000,100,3,3,18.18181818181818,1.7650466759999999,1.7650466759999999,14.321275283666667,4.0289182053333334,12.960855242333334,0.002170561666666667
fleurs_en_us_validation_1654_60,1000,100,3,3,0.0,1.769604795,1.769604795,10.977645913333333,2.785928279333333,9.621343309333334,0.001534331
fleurs_en_us_validation_1607_28,1000,100,3,3,0.0,1.8697964106666667,1.8697964106666667,4.8750506,0.914976947,3.5981407626666666,0.00026136233333333333
fleurs_en_us_validation_1521_51,1000,100,3,3,0.0,1.6165648606666667,1.6165648606666667,7.470919254,1.7648951383333333,5.730921396666667,0.0007121123333333334
fleurs_en_us_validation_1523_142,500,100,3,3,15.789473684210526,1.154946779,1.154946779,20.516928973666666,10.125136457,19.97120414566667,0.0046774546666666665
fleurs_en_us_validation_1626_141,500,100,3,3,21.21212121212121,1.1344106006666665,1.1344106006666665,22.456996988666667,12.163264563333334,21.910900405,0.004605337
fleurs_en_us_validation_1654_60,500,100,3,3,0.0,1.058532182,1.058532182,17.281773324333333,9.103395501333333,16.736588499333333,0.003517562666666667
fleurs_en_us_validation_1607_28,500,100,3,3,8.333333333333332,1.1119168096666667,1.1119168096666667,7.623823502333333,3.6439608476666665,7.080963551333333,0.0014703936666666667
fleurs_en_us_validation_1521_51,500,100,3,3,13.333333333333334,1.0471254696666668,1.0471254696666668,10.874743642333334,5.1744607196666665,10.331250581333332,0.0020683256666666665
