workers,slots_per_worker,target_calls_per_worker,language,concurrency,mode,calls,unique_wavs,completed,failures,failure_rate,pre_eof_text,all_contract_checks,measurement_failures,audio_seconds_per_wall_second,calls_per_second,wall_seconds,sampled_mean_cpu_cores,sampled_peak_cpu_cores,sampled_peak_rss_bytes,sampled_peak_pss_bytes,host_mean_cpu_percent,host_min_available_memory_bytes,peak_simultaneous_sessions,kind,baseline_comparable_calls,exact_final_matches_1w_c1,startup_ns_mean,startup_ns_p50,startup_ns_p95,startup_ns_max,first_partial_ns_mean,first_partial_ns_p50,first_partial_ns_p95,first_partial_ns_max,first_usable_transcript_ns_mean,first_usable_transcript_ns_p50,first_usable_transcript_ns_p95,first_usable_transcript_ns_max,final_result_ns_mean,final_result_ns_p50,final_result_ns_p95,final_result_ns_max,finalization_ns_mean,finalization_ns_p50,finalization_ns_p95,finalization_ns_max,scheduled_final_lag_ns_mean,scheduled_final_lag_ns_p50,scheduled_final_lag_ns_p95,scheduled_final_lag_ns_max,model_load_ns_mean,model_load_ns_p50,model_load_ns_p95,model_load_ns_max,shared_model_load_ns_mean,shared_model_load_ns_p50,shared_model_load_ns_p95,shared_model_load_ns_max,live_invocation_wall_ns_mean,live_invocation_wall_ns_p50,live_invocation_wall_ns_p95,live_invocation_wall_ns_max,prefix_decode_wall_ns_mean,prefix_decode_wall_ns_p50,prefix_decode_wall_ns_p95,prefix_decode_wall_ns_max,eof_refinement_wall_ns_mean,eof_refinement_wall_ns_p50,eof_refinement_wall_ns_p95,eof_refinement_wall_ns_max,prefix_decode_queue_wait_ns_mean,prefix_decode_queue_wait_ns_p50,prefix_decode_queue_wait_ns_p95,prefix_decode_queue_wait_ns_max,eof_decode_queue_wait_ns_mean,eof_decode_queue_wait_ns_p50,eof_decode_queue_wait_ns_p95,eof_decode_queue_wait_ns_max,runtime_queue_wait_ns_mean,runtime_queue_wait_ns_p50,runtime_queue_wait_ns_p95,runtime_queue_wait_ns_max,offline_decode_wall_ns_mean,offline_decode_wall_ns_p50,offline_decode_wall_ns_p95,offline_decode_wall_ns_max,worker_cpu_ns_mean,worker_cpu_ns_p50,worker_cpu_ns_p95,worker_cpu_ns_max,first_stable_transcript_ns_mean,first_stable_transcript_ns_p50,first_stable_transcript_ns_p95,first_stable_transcript_ns_max,first_inference_compute_ns_mean,first_inference_compute_ns_p50,first_inference_compute_ns_p95,first_inference_compute_ns_max,partial_service_lag_ns_mean,partial_service_lag_ns_p50,partial_service_lag_ns_p95,partial_service_lag_ns_max,stream_decode_wall_ns_mean,stream_decode_wall_ns_p50,stream_decode_wall_ns_p95,stream_decode_wall_ns_max,stream_decode_queue_wait_ns_mean,stream_decode_queue_wait_ns_p50,stream_decode_queue_wait_ns_p95,stream_decode_queue_wait_ns_max,stream_invocation_wall_ns_mean,stream_invocation_wall_ns_p50,stream_invocation_wall_ns_p95,stream_invocation_wall_ns_max,effective_rtf_mean,effective_rtf_p50,effective_rtf_p95,effective_rtf_max,offline_decode_wall_rtf_mean,offline_decode_wall_rtf_p50,offline_decode_wall_rtf_p95,offline_decode_wall_rtf_max,stream_invocation_wall_rtf_mean,stream_invocation_wall_rtf_p50,stream_invocation_wall_rtf_p95,stream_invocation_wall_rtf_max,stream_decode_steps_mean,stream_decode_steps_p50,stream_decode_steps_p95,stream_decode_steps_max,stream_reused_prefill_tokens_mean,stream_reused_prefill_tokens_p50,stream_reused_prefill_tokens_p95,stream_reused_prefill_tokens_max,accuracy_rate,accuracy_completed_only_rate,accuracy_failure_inclusive_rate
1,1,1.0,en,1,direct,30,10,30,0,0.0,30,True,0,0.8853855323932587,0.10826431063747359,277.099626122,1.9145396870195497,4.68821377388768,2863579136,1816756224,6.81556447797871,4662824960,1,curve,30,30,0.0037613333333333335,0.0037524999999999998,0.004593999999999999,0.006091,2678.4184412333334,2658.4734375,2821.38892755,2830.019814,2678.4184412333334,2658.4734375,2821.38892755,2830.019814,9211.150980566666,9787.4135665,12386.9526613,12405.841847,1032.8685719,1017.2799010000001,1556.39357185,1601.80289,1033.1509805666667,1017.7162915000001,1556.6266418999999,1601.904954,,,,,343.760727,343.760727,343.760727,343.760727,,,,,,,,,,,,,,,,,,,,,0.4992193,0.5416915,0.7627677999999999,0.785357,,,,,,,,,,,,,,,,,,,,,4133.2471053,4569.985418,6111.5715334,6181.224529,0.4992193,0.5416915,0.7627677999999999,0.785357,4133.2471053,4569.985418,6111.5715334,6181.224529,1.137480630171123,1.1500597335578417,1.1980455917708335,1.19885232265625,,,,,0.4964043312238641,0.4933482637340302,0.6027190861341223,0.6095882178500986,4.6,5.0,6.0,6,125.1,140.0,253.0,253,0.1024390243902439,0.1024390243902439,0.1024390243902439
1,1,1.0,id,1,direct,30,10,30,0,0.0,30,True,0,0.8980209853458065,0.08523357871543343,351.973957355,2.2663214894329067,4.760291735722704,2899861504,1852493824,7.856790368024496,4729290752,1,curve,30,30,0.0039581,0.003797,0.005366,0.006582,2637.7984050333334,2619.623791,2756.32640915,2795.767449,2637.7984050333334,2619.623791,2756.32640915,2795.767449,11707.878219766666,11492.002607999999,16631.0307983,16649.192395,1171.6321313666667,1150.602058,2189.1985245,2215.108221,1171.8782197666667,1150.991644,2189.37767575,2215.306134,,,,,343.760727,343.760727,343.760727,343.760727,,,,,,,,,,,,,,,,,,,,,0.6324090666666666,0.5947264999999999,0.85403935,1.00553,,,,,,,,,,,,,,,,,,,,,6301.723906466666,5912.944428,9053.019976149999,9144.219704,0.6324090666666666,0.5947264999999999,0.85403935,1.00553,6301.723906466666,5912.944428,9053.019976149999,9144.219704,1.126637012626332,1.0911257344161958,1.3118771617877492,1.3155706743589743,,,,,0.6074841976523614,0.5980614423796297,0.7780571001495726,0.7801036306267807,5.7,6.0,8.0,8,114.7,27.0,479.0,479,0.35195530726256985,0.35195530726256985,0.35195530726256985
1,1,1.0,zh,1,direct,30,10,30,0,0.0,30,True,0,0.9259080587724988,0.08080887229643033,371.24636376499996,1.8635471220197435,4.890427629152177,2924851200,1878179840,6.654603595581554,4807614464,1,curve,30,30,0.003715333333333333,0.003537,0.004369499999999999,0.006984,2546.1111431333334,2532.899609,2642.7501797,2646.465443,2546.1111431333334,2532.899609,2642.7501797,2646.465443,12350.812021433334,11650.1743635,20236.4596192,20237.993071,892.4904193,908.8595975000001,1075.9895000000001,1090.156168,892.8120214333334,909.116359,1076.4778810999999,1090.321147,,,,,343.760727,343.760727,343.760727,343.760727,,,,,,,,,,,,,,,,,,,,,0.7152976333333333,0.6700115,1.2946854499999998,1.492037,,,,,,,,,,,,,,,,,,,,,5272.566145033334,4917.7865075,9029.74695735,9087.43668,0.7152976333333333,0.6700115,1.2946854499999998,1.492037,5272.566145033334,4917.7865075,9029.74695735,9087.43668,1.0887608292934638,1.0676767935528524,1.1580952024899598,1.1591611730923694,,,,,0.45884588710361873,0.4576728601557777,0.5067492852941177,0.5115458090849673,6.1,6.0,10.0,10,295.5,253.0,913.0,913,0.1242603550295858,0.1242603550295858,0.1242603550295858
1,2,2.0,en,2,direct,30,10,30,0,0.0,30,True,0,1.5373248914081774,0.18798298990073098,159.58890757,3.2299291624639466,4.657444686905033,2963058688,1914786816,11.276057073201253,4794667008,2,curve,30,30,0.0035548666666666666,0.003221,0.005493999999999999,0.007344,2829.9416769333334,2791.6018415,3383.98803,3396.597979,2829.9416769333334,2791.6018415,3383.98803,3396.597979,10148.825853966666,10791.347844,13803.95352385,13845.893802,1970.6034887,1840.0703214999999,3558.2258045,3595.844587,1970.8258539666667,1840.243232,3558.4386921499995,3596.027228,,,,,334.967597,334.967597,334.967597,334.967597,,,,,,,,,,,,,,,,,,,,,1510.3759787666665,960.6973515,5606.761180699997,6168.593755,,,,,,,,,,,,,,,,,,,,,4116.371287566667,4532.8307655,6097.6516456,6166.86791,1510.3759787666665,960.6973515,5606.761180699997,6168.593755,4116.371287566667,4532.8307655,6097.6516456,6166.86791,1.2399616964954556,1.230658416187057,1.348183825063601,1.354637793688363,,,,,0.494546231575054,0.49270806839530334,0.6013463161341223,0.6081723777120316,4.6,5.0,6.0,6,125.1,140.0,253.0,253,0.1024390243902439,0.1024390243902439,0.1024390243902439
1,2,2.0,id,2,direct,30,10,30,0,0.0,30,True,0,1.4605340535284776,0.13862320173960496,216.41398859299997,3.604162628087554,4.723573821569187,2985521152,1937382400,12.433978632767102,4742639616,2,curve,30,30,0.0038307666666666665,0.003506,0.006728549999999998,0.007614,2800.5723579,2615.894076,3422.48751685,3474.682021,2800.5723579,2615.894076,3422.48751685,3474.682021,14328.520250966667,14202.7972285,19260.508911,19368.482934,3792.2966722,4048.924093,5229.8314258,5265.951918,3792.520250966667,4049.1557755000003,5230.05715975,5266.247707,,,,,334.967597,334.967597,334.967597,334.967597,,,,,,,,,,,,,,,,,,,,,3820.1144614,3884.9284719999996,6327.06590645,6355.016378,,,,,,,,,,,,,,,,,,,,,6289.766221566667,5925.722097,8972.8062675,8998.909552,3820.1144614,3884.9284719999996,6327.06590645,6355.016378,6289.766221566667,5925.722097,8972.8062675,8998.909552,1.3851707076829747,1.3969701521256561,1.587125469098696,1.5924690761494253,,,,,0.6066441321569798,0.5941347009907407,0.7801221769586895,0.790733342022792,5.7,6.0,8.0,8,114.7,27.0,479.0,479,0.35195530726256985,0.35195530726256985,0.35195530726256985
1,2,2.0,zh,2,direct,30,10,30,0,0.0,30,True,0,1.6940847156619692,0.1478516945070666,202.90602755700002,3.2691019259997525,4.825385456744923,2991382528,1943312384,11.319392456245643,4771409920,2,curve,30,30,0.0034135,0.003211,0.004793099999999998,0.006112,2705.757047766667,2629.668347,3010.1724751,3023.148021,2705.757047766667,2629.668347,3010.1724751,3023.148021,12752.611749366666,12072.748190999999,20783.802252,20824.725597,1294.378747,1322.960957,2200.42583535,2225.129362,1294.6117493666666,1323.1721365,2200.6809678,2225.330924,,,,,334.967597,334.967597,334.967597,334.967597,,,,,,,,,,,,,,,,,,,,,1436.8184323333332,1092.8332135,5490.32824705,5687.90668,,,,,,,,,,,,,,,,,,,,,5213.382179933334,4854.504860499999,8866.0988505,8994.019461,1436.8184323333332,1092.8332135,5490.32824705,5687.90668,5213.382179933334,4854.504860499999,8866.0988505,8994.019461,1.1345988576331243,1.0951637836641988,1.3350451846787148,1.3424389050200802,,,,,0.45378447143611483,0.450491731780433,0.5041125214281046,0.5062875473856209,6.1,6.0,10.0,10,295.5,253.0,913.0,913,0.1242603550295858,0.1242603550295858,0.1242603550295858
1,3,3.0,en,3,direct,30,10,30,0,0.0,30,True,0,1.8115971129140473,0.22152080128565027,135.427462459,3.7701294389022846,4.690377179964192,3053187072,2006327296,13.164869516235468,4713201664,3,curve,30,30,0.003940333333333333,0.003577,0.006213649999999996,0.010259,3284.9074241,3184.2400799999996,4601.77017505,4637.507311,3284.9074241,3184.2400799999996,4601.77017505,4637.507311,12919.3567377,15321.988804,18353.16644185,18571.368332,4741.1378404,4584.572451,8956.267495,9184.900699,4741.3567377,4584.7392285000005,8956.4403427,9185.048851,,,,,329.341322,329.341322,329.341322,329.341322,,,,,,,,,,,,,,,,,,,,,5086.634000466666,5646.1468415,9984.64947475,10264.641473,,,,,,,,,,,,,,,,,,,,,4214.927279933333,4800.6855049999995,6406.71193285,6424.993615,5086.634000466666,5646.1468415,9984.64947475,10264.641473,4214.927279933333,4800.6855049999995,6406.71193285,6424.993615,1.5452302645771443,1.4868189385427275,2.113985117251244,2.142419011318408,,,,,0.5058142738130905,0.4934229778787125,0.631825634403353,0.6336285616370809,4.6,5.0,6.0,6,125.1,140.0,253.0,253,0.1024390243902439,0.1024390243902439,0.1024390243902439
1,3,3.0,id,3,direct,30,10,30,0,0.0,30,True,0,1.5447394934837888,0.14661536574447503,204.617025287,3.8113784664229944,4.850548755734766,3079041024,2031689728,13.190487774289897,4710105088,3,curve,30,30,0.003785066666666667,0.003456,0.006134599999999995,0.008346,3575.3136243333333,3428.840072,5311.777741399999,5351.86267,3575.3136243333333,3428.840072,5311.777741399999,5351.86267,19173.623212333332,20191.8423585,26832.3512336,26927.484599,8637.418118766667,9034.6944575,11912.25798405,12168.140208,8637.623212333334,9034.8582805,11912.3688305,12168.329565,,,,,329.341322,329.341322,329.341322,329.341322,,,,,,,,,,,,,,,,,,,,,9081.484992966667,10563.383857,14133.59851985,14191.976606,,,,,,,,,,,,,,,,,,,,,6374.069259333333,6126.594177,9265.095772949999,9510.043796,9081.484992966667,10563.383857,14133.59851985,14191.976606,6374.069259333333,6126.594177,9265.095772949999,9510.043796,1.8350728095668716,1.862033395384767,2.243611240711207,2.3025501083333335,,,,,0.614961403918444,0.6107814443796296,0.7909897982977208,0.8201172223646723,5.7,6.0,8.0,8,114.7,27.0,479.0,479,0.35195530726256985,0.35195530726256985,0.35195530726256985
1,3,3.0,zh,3,direct,30,10,30,0,0.0,30,True,0,2.0600154241077315,0.17978839449360545,166.862828296,3.9202256365021433,4.808800591023527,3065819136,2019135488,13.539022103196466,4694106112,3,curve,30,30,0.003557966666666667,0.003151,0.005767549999999999,0.008406,3132.7318393,3148.7739684999997,4325.200824999999,4500.915744,3132.7318393,3148.7739684999997,4325.200824999999,4500.915744,15698.070783633333,16044.22166,24451.145665049997,26723.477804,4239.8367526,4931.9192105,6299.5986557999995,7383.155197,4240.070783633333,4932.113321999999,6299.807490799999,7383.477804,,,,,329.341322,329.341322,329.341322,329.341322,,,,,,,,,,,,,,,,,,,,,6712.0731362,6550.667621500001,11718.883939649995,13299.622785,,,,,,,,,,,,,,,,,,,,,5225.8880770333335,4857.2855485,8797.09619745,9633.360177,6712.0731362,6550.667621500001,11718.883939649995,13299.622785,5225.8880770333335,4857.2855485,8797.09619745,9633.360177,1.3969748721955573,1.3589768848155561,1.7037477269779115,2.007312482931727,,,,,0.4548770618707869,0.4600114429856286,0.49760824962902245,0.5018107743137254,6.1,6.0,10.0,10,295.5,253.0,913.0,913,0.1242603550295858,0.1242603550295858,0.1242603550295858
1,4,4.0,en,4,direct,30,10,30,0,0.0,28,True,0,1.887519550342451,0.23080454271734552,129.98011064599999,3.915264386469822,4.642288482112159,3126452224,2080536576,13.693520418688571,4595191808,4,curve,30,30,0.004352933333333333,0.0038174999999999997,0.008534499999999999,0.009428,3627.5275963,3543.516032,4927.8430974,5048.855266,3627.5275963,3543.516032,4927.8430974,5048.855266,16247.733837833333,18349.044907,21692.35594205,22115.613842,8069.4726414,9136.2959335,11315.97343845,11664.065385,8069.733837833333,9136.4639835,11316.22281415,11664.629571,,,,,336.140148,336.140148,336.140148,336.140148,,,,,,,,,,,,,,,,,,,,,8926.990991633333,10371.8549355,13124.42837745,13357.4192,,,,,,,,,,,,,,,,,,,,,4107.011110666666,4565.4609715,6052.575738699999,6148.424932,8926.990991633333,10371.8549355,13124.42837745,13357.4192,4107.011110666666,4565.4609715,6052.575738699999,6148.424932,1.9689503927106244,2.0245764818572143,2.3737357414333227,2.3871823303482587,,,,,0.49340569324725003,0.49398978040029906,0.596900960424063,0.6063535435897436,4.6,5.0,6.0,6,125.1,140.0,253.0,253,0.1024390243902439,0.1024390243902439,0.1024390243902439
1,4,4.0,id,4,direct,30,10,30,0,0.0,30,True,0,1.6262839471752855,0.15435496841071428,194.357203457,3.9955639324851737,4.787260942543048,3126411264,2080105472,13.896684525896918,4604633088,4,curve,30,30,0.0039541,0.0036414999999999998,0.005984549999999998,0.007815,4481.943525466667,4518.316746,6249.128229099999,6445.356606,4481.943525466667,4518.316746,6249.128229099999,6445.356606,24602.30666363333,25822.232636,33387.02761095,35032.347991,14066.077893133333,15113.750577499999,18896.414183899997,19800.553671,14066.306663633333,15113.924065,18896.650528149996,19800.681583,,,,,336.140148,336.140148,336.140148,336.140148,,,,,,,,,,,,,,,,,,,,,14580.862964433334,14513.651956,21175.783908399997,24272.016151,,,,,,,,,,,,,,,,,,,,,6274.286492566666,5918.9664555,9021.88051465,9043.325064,14580.862964433334,14513.651956,21175.783908399997,24272.016151,6274.286492566666,5918.9664555,9021.88051465,9043.325064,2.3677777636455573,2.3301373834609156,2.9196833135078957,3.3423441574074073,,,,,0.6057095046949635,0.596242091287037,0.7876044084330485,0.794845665954416,5.7,6.0,8.0,8,114.7,27.0,479.0,479,0.35195530726256985,0.35195530726256985,0.35195530726256985
1,4,4.0,zh,4,direct,30,10,30,0,0.0,30,True,0,2.1207648419453573,0.18509031610624513,162.083034008,4.021273661041332,4.890980581671388,3124719616,2078132224,13.857451032408578,4582256640,4,curve,30,30,0.0036545666666666665,0.003266,0.005515049999999999,0.006212,4181.524323233333,4261.394437000001,5499.37509775,5564.714913,4181.524323233333,4261.394437000001,5499.37509775,5564.714913,20435.070342366667,20223.7305165,29715.9547493,31083.4376,8976.8603531,9447.721431,12513.96332125,12641.23832,8977.070342366667,9447.9113165,12514.17571745,12641.506206,,,,,336.140148,336.140148,336.140148,336.140148,,,,,,,,,,,,,,,,,,,,,11596.863700466667,11539.7990305,18326.4180481,18830.037961,,,,,,,,,,,,,,,,,,,,,5195.023185566667,4815.812065,8876.357671149999,8986.992396,11596.863700466667,11539.7990305,18326.4180481,18830.037961,5195.023185566667,4815.812065,8876.357671149999,8986.992396,1.8134305511634763,1.803943549131016,2.173662010216368,2.2466968644970415,,,,,0.452772822099204,0.4490922586172747,0.5001636232071273,0.5077248743137255,6.1,6.0,10.0,10,295.5,253.0,913.0,913,0.1242603550295858,0.1242603550295858,0.1242603550295858
1,5,5.0,en,5,direct,30,10,30,0,0.0,27,True,0,1.917709604408822,0.23449616096953077,127.933864145,3.9513431809300372,4.748975111808683,3175337984,2128406528,13.717906547573026,4609761280,5,curve,30,30,0.0037684,0.0035120000000000004,0.0060174999999999985,0.006242,4833.658243433333,4892.77862,6107.7752559,7605.841154,4833.658243433333,4892.77862,6107.7752559,7605.841154,19403.693547533334,20645.913079500002,27126.83438595,27234.88822,11225.464146733333,11674.882761,15954.778116949998,17014.672861,11225.693547533334,11675.0837045,15955.014933449998,17014.88822,,,,,335.345833,335.345833,335.345833,335.345833,,,,,,,,,,,,,,,,,,,,,11705.617828333334,13033.583012,17113.203195899998,17886.660223,,,,,,,,,,,,,,,,,,,,,4060.9441254333333,4474.0070095,5992.12554405,6093.359284,11705.617828333334,13033.583012,17113.203195899998,17886.660223,4060.9441254333333,4474.0070095,5992.12554405,6093.359284,2.3865582627682698,2.335554974828537,2.824105433345576,3.0113335660569107,,,,,0.48806848866385727,0.4877034804590672,0.5909394027662721,0.6009230063116371,4.6,5.0,6.0,6,125.1,140.0,253.0,253,0.1024390243902439,0.1024390243902439,0.1024390243902439
1,5,5.0,id,5,direct,30,10,30,0,0.0,30,True,0,1.6260056252356923,0.1543285521294317,194.390471407,4.008605142037235,4.790615625559317,3195109376,2149096448,14.07083265683245,4509540352,5,curve,30,30,0.0038838666666666665,0.0034815000000000002,0.006207099999999996,0.011001,4831.934317266667,4990.128425,7204.8903521,8180.469013,4831.934317266667,4990.128425,7204.8903521,8180.469013,30187.161485033335,30280.051413,37538.27230415,37986.643118,19650.935823833333,19583.808903,22864.952345949998,23375.640156,19651.161485033335,19584.009426999997,22865.14676,23375.918965,,,,,335.345833,335.345833,335.345833,335.345833,,,,,,,,,,,,,,,,,,,,,20190.7114982,20054.4681365,24986.146561049998,25897.85566,,,,,,,,,,,,,,,,,,,,,6275.5850664,5886.3999845,8947.4779704,9104.108051,20190.7114982,20054.4681365,24986.146561049998,25897.85566,6275.5850664,5886.3999845,8947.4779704,9104.108051,2.9591786557575,2.924543950257835,3.8558366263074713,3.92205700982906,,,,,0.6058991044448743,0.5942682334351852,0.7741907919088319,0.7822172078347578,5.7,6.0,8.0,8,114.7,27.0,479.0,479,0.35195530726256985,0.35195530726256985,0.35195530726256985
1,5,5.0,zh,5,direct,30,10,30,0,0.0,30,True,0,2.134441893050623,0.18628398438214544,161.044440291,4.06014621562029,4.820124749566946,3196882944,2148930560,14.105197758957924,4516487168,5,curve,30,30,0.0032361,0.0034265,0.004323,0.00517,4543.567550433333,4894.6957784999995,5948.6298969,6361.298155,4543.567550433333,4894.6957784999995,5948.6298969,6361.298155,24230.5346422,23864.3653525,35086.6502583,35126.130843,12772.3119602,12662.8515885,17876.7231929,17952.786555,12772.5346422,12663.048157500001,17876.995848849998,17952.953947,,,,,335.345833,335.345833,335.345833,335.345833,,,,,,,,,,,,,,,,,,,,,15226.7564207,15640.412865499999,21864.693954749997,22593.832099,,,,,,,,,,,,,,,,,,,,,5164.539194066667,4785.457727499999,8860.169703399999,8939.128363,15226.7564207,15640.412865499999,21864.693954749997,22593.832099,5164.539194066667,4785.457727499999,8860.169703399999,8939.128363,2.185230788818617,2.1648284257397177,2.6389390111546183,2.6585682929718875,,,,,0.44998230172009707,0.45194349930259653,0.4972272119738562,0.5013350486928104,6.1,6.0,10.0,10,295.5,253.0,913.0,913,0.1242603550295858,0.1242603550295858,0.1242603550295858
1,6,6.0,en,6,direct,30,10,30,0,0.0,24,True,0,1.907302296966228,0.23322356284742343,128.631942818,3.956053835872547,4.703465555957317,3245490176,2197848064,13.913003963101415,4521537536,6,curve,30,30,0.0037764,0.003677,0.005915099999999997,0.006522,5311.729498233333,5453.090114,7333.3191984999985,7544.712872,5311.729498233333,5453.090114,7333.3191984999985,7544.712872,22561.4669662,24239.279895,31762.17711645,32299.801112,14383.2459832,15479.5970005,20917.20922855,21544.623386,14383.4669662,15479.8466645,20917.451102349998,21544.825159,,,,,334.56167,334.56167,334.56167,334.56167,,,,,,,,,,,,,,,,,,,,,14628.641079333333,15838.7481435,22366.7588353,22890.759421,,,,,,,,,,,,,,,,,,,,,4084.4380133,4551.362749,6002.2908652999995,6124.59529,14628.641079333333,15838.7481435,22366.7588353,22890.759421,4084.4380133,4551.362749,6002.2908652999995,6124.59529,2.765624556295034,2.7730892083333334,3.0604238258549668,3.1081042229941294,,,,,0.49194138618766253,0.48793972959183673,0.5919418999309665,0.6040034802761342,4.6,5.0,6.0,6,125.1,140.0,253.0,253,0.1024390243902439,0.1024390243902439,0.1024390243902439
1,6,6.0,id,6,direct,30,10,30,0,0.0,30,True,0,1.6318460974701259,0.15488288700361863,193.69473658700002,4.012298273805849,4.81537997792992,3261337600,2213400576,14.107633811610224,4485070848,6,curve,30,30,0.003737966666666667,0.003722,0.005861,0.006883,5381.6643644,5150.1976460000005,9465.291092799998,9892.178686,5381.6643644,5150.1976460000005,9465.291092799998,9892.178686,33460.139960466666,33275.618096,43895.20773239999,45021.643852,22923.92981323333,23177.2221855,29974.994934299997,31101.310594,22924.139960466666,23177.4817945,29975.2077324,31101.643852,,,,,334.56167,334.56167,334.56167,334.56167,,,,,,,,,,,,,,,,,,,,,23626.993875566666,22757.2324685,30591.00261095,31392.034203,,,,,,,,,,,,,,,,,,,,,6252.674336166667,5878.5836435,8977.7032609,9107.450627,23626.993875566666,22757.2324685,30591.00261095,31392.034203,6252.674336166667,5878.5836435,8977.7032609,9107.450627,3.2591997060352815,3.231654635613027,4.16811353513477,4.28505817962963,,,,,0.6033734087676099,0.5970079617592593,0.7695988393019942,0.7739155464387465,5.7,6.0,8.0,8,114.7,27.0,479.0,479,0.35195530726256985,0.35195530726256985,0.35195530726256985
1,6,6.0,zh,6,direct,30,10,30,0,0.0,29,True,0,2.123355202093564,0.18531639047770673,161.885302874,4.058410889464383,4.8694488587350975,3295166464,2247504896,14.399464334758644,4432781312,6,curve,30,30,0.004481366666666667,0.003992,0.008790549999999998,0.010189,4922.852396733333,4917.365131500001,7197.47809085,7272.066705,4922.852396733333,4917.365131500001,7197.47809085,7272.066705,28383.263580666666,27564.6412065,45314.68605145,45329.595403,16925.040826566667,17064.4695605,25974.43657235,25989.236249,16925.263580666666,17064.6412065,25974.68605145,25989.595403,,,,,334.56167,334.56167,334.56167,334.56167,,,,,,,,,,,,,,,,,,,,,19709.600200433335,19922.111004,29876.72626425,32554.131033,,,,,,,,,,,,,,,,,,,,,5191.8927298,4801.2946135,8795.693282,8993.27324,19709.600200433335,19922.111004,29876.72626425,32554.131033,5191.8927298,4801.2946135,8795.693282,8993.27324,2.5189140133005186,2.469145728898097,2.796059385330375,2.872793225132275,,,,,0.4517341307665687,0.4513051958264186,0.501221708627451,0.5038571579084967,6.1,6.0,10.0,10,295.5,253.0,913.0,913,0.1242603550295858,0.1242603550295858,0.1242603550295858
1,7,7.0,en,7,direct,30,10,30,0,0.0,24,True,0,2.496808254312499,0.3053079303390193,98.26145022399999,3.8765982350967407,4.627427877341574,3302318080,2259353600,13.308309775342428,4773859328,7,curve,30,30,0.0031987,0.002901,0.00654405,0.006893,4852.7966836333335,4837.6084325,7190.937629049999,8454.760446,4852.7966836333335,4837.6084325,7190.937629049999,8454.760446,19766.8464169,21447.053945,27077.882166899995,27978.51038,11588.645962733333,11880.5433915,17258.6909223,17838.349605,11588.8464169,11880.77716,17258.8611431,17838.51038,,,,,242.463947,242.463947,242.463947,242.463947,,,,,,,,,,,,,,,,,,,,,12761.5559667,13654.7315635,18504.959239949996,19727.997455,,,,,,,,,,,,,,,,,,,,,3073.3783905,3376.570226,4545.13786205,4615.903954,12761.5559667,13654.7315635,18504.959239949996,19727.997455,3073.3783905,3376.570226,4545.13786205,4615.903954,2.4343320603974368,2.4386825213809122,2.8284454585597825,2.850616082905983,,,,,0.37039913814208403,0.3677974570898565,0.44823844793392503,0.4552173524654832,4.6,5.0,6.0,6,125.1,140.0,253.0,253,0.1024390243902439,0.1024390243902439,0.1024390243902439
1,7,7.0,id,7,direct,30,10,30,0,0.0,30,True,0,2.0109708856408752,0.19086663682999955,157.17781011,3.9622919954667,4.822397864089606,3361742848,2319334400,13.82957149066192,4742610944,7,curve,30,30,0.003319766666666667,0.002825,0.006062999999999999,0.007394,4610.499229766667,4572.987387499999,6730.579675599997,8780.056034,4610.499229766667,4572.987387499999,6730.579675599997,8780.056034,31021.6822899,31460.2638715,44369.4066074,47633.489109,20485.4114603,22662.803239,28889.09712905,32153.326996,20485.6822899,22662.962033,28889.4066074,32153.489109,,,,,242.463947,242.463947,242.463947,242.463947,,,,,,,,,,,,,,,,,,,,,22025.685574633335,22646.784842,34550.212588999995,36360.195804,,,,,,,,,,,,,,,,,,,,,5036.5128369,4850.881015999999,7348.95529085,7398.433694,22025.685574633335,22646.784842,34550.212588999995,36360.195804,5036.5128369,4850.881015999999,7348.95529085,7398.433694,3.0279355721433996,3.01856740878872,4.158386185919847,4.382201252564102,,,,,0.487692387102255,0.48248414846296295,0.6474389702920228,0.6633576968660969,5.7,6.0,8.0,8,114.7,27.0,479.0,479,0.35195530726256985,0.35195530726256985,0.35195530726256985
1,7,7.0,zh,7,direct,30,10,30,0,0.0,30,True,0,2.894954946348521,0.25265796354935594,118.737599158,3.9598102578061383,4.7332127958562715,3307765760,2264622080,13.547982871249022,4803440640,7,curve,30,30,0.002946433333333333,0.0029505,0.0055955499999999995,0.00569,4090.2723684666666,4054.0538695000005,5881.102895349999,6432.768206,4090.2723684666666,4054.0538695000005,5881.102895349999,6432.768206,23261.203157333333,22558.087632000002,36295.15115139999,38435.989231,11802.967074566666,11008.826584,18649.925104399998,19095.7347,11803.203157333333,11009.1969905,18650.3125094,19095.989231,,,,,242.463947,242.463947,242.463947,242.463947,,,,,,,,,,,,,,,,,,,,,15605.681998166667,15289.924558,24615.59518344999,27978.80477,,,,,,,,,,,,,,,,,,,,,3754.8883622333333,3519.139277,6348.01477735,6355.673858,15605.681998166667,15289.924558,24615.59518344999,27978.80477,3754.8883622333333,3519.139277,6348.01477735,6355.673858,2.0786962773871394,2.0581493918252507,2.6057359178071446,2.7603135712851405,,,,,0.327634145194662,0.3247926304255077,0.3636077636271609,0.3701167014379085,6.1,6.0,10.0,10,295.5,253.0,913.0,913,0.1242603550295858,0.1242603550295858,0.1242603550295858
1,8,8.0,en,8,direct,30,10,30,0,0.0,25,True,0,2.4874355534907426,0.30416184317568395,98.63170109299999,3.86906219021364,4.682915492251772,3379187712,2336724992,13.39836382069345,4705021952,8,curve,30,30,0.0033301666666666666,0.00258,0.008104099999999998,0.011431,5178.4445826,4818.729674,10102.0148755,10466.372034,5178.4445826,4818.729674,10102.0148755,10466.372034,23646.786007133334,23595.1568295,31825.012896649998,32377.459809,15468.548010633333,15255.4228615,21488.7221498,22317.316584,15468.786007133334,15255.628062,21488.93010725,22317.459809,,,,,211.147811,211.147811,211.147811,211.147811,,,,,,,,,,,,,,,,,,,,,16554.607993933332,17755.795850000002,23018.926157249996,24985.791561,,,,,,,,,,,,,,,,,,,,,3085.7796047,3386.675274,4625.65462955,4638.789322,16554.607993933332,17755.795850000002,23018.926157249996,24985.791561,3085.7796047,3386.675274,4625.65462955,4638.789322,2.8985453798264196,2.9103616947445503,3.4530213379065042,3.4794454808457713,,,,,0.37052725665336655,0.36929861778247886,0.45617895754930965,0.45747429211045365,4.6,5.0,6.0,6,125.1,140.0,253.0,253,0.1024390243902439,0.1024390243902439,0.1024390243902439
1,8,8.0,id,8,direct,30,10,30,0,0.0,30,True,0,1.9876457037627386,0.1886527812986654,159.02230432800002,3.9603045893941817,4.708428587282706,3440455680,2398164992,14.101292471640871,4456042496,8,curve,30,30,0.0025370666666666665,0.0021485000000000002,0.004063499999999999,0.007113,4876.086241066667,4656.2477695,7833.9800152,10312.412251,4876.086241066667,4656.2477695,7833.9800152,10312.412251,36075.4224289,39762.8743665,49681.281577999995,51021.116848,25539.213469633334,29068.4419885,34201.01894425,35540.861551,25539.4224289,29068.6773035,34201.281577999995,35541.116848,,,,,211.147811,211.147811,211.147811,211.147811,,,,,,,,,,,,,,,,,,,,,26508.1151371,28168.6421325,36148.768221499995,37250.03131,,,,,,,,,,,,,,,,,,,,,5098.489679233333,4954.9690895,7304.1895599,7359.620896,26508.1151371,28168.6421325,36148.768221499995,37250.03131,5098.489679233333,4954.9690895,7304.1895599,7359.620896,3.5179049173512196,3.7310651665113994,4.791758225818659,5.066397304131054,,,,,0.49455059184775035,0.4912641403796296,0.6468264430555556,0.675904532905983,5.7,6.0,8.0,8,114.7,27.0,479.0,479,0.35195530726256985,0.35195530726256985,0.35195530726256985
1,8,8.0,zh,8,direct,30,10,30,0,0.0,30,True,0,2.8165119049095,0.24581182622704656,122.044575562,3.923150744277114,4.863919708081089,3432976384,2390591488,13.76881023179904,4424466432,8,curve,30,30,0.002901466666666667,0.0023895,0.006021599999999998,0.008766,4232.253032433333,4006.0249329999997,7162.472747199999,7638.46262,4232.253032433333,4006.0249329999997,7162.472747199999,7638.46262,27768.966535766667,26940.876488,39771.48441425,40419.449368,16310.762841666667,16135.885006,21961.611368399997,22128.18171,16310.966535766667,16135.972356499999,21961.87709485,22128.394798,,,,,211.147811,211.147811,211.147811,211.147811,,,,,,,,,,,,,,,,,,,,,19920.189736833334,19551.839364,28964.975400399995,29613.149322,,,,,,,,,,,,,,,,,,,,,3865.7520548,3590.4475730000004,6529.8612428,6718.572225,19920.189736833334,19551.839364,28964.975400399995,29613.149322,3865.7520548,3590.4475730000004,6529.8612428,6718.572225,2.492264773808225,2.4318917585227275,3.0376915662667336,3.064278508433735,,,,,0.3378131687949714,0.3375128807652533,0.37138623468954246,0.39363623058823527,6.1,6.0,10.0,10,295.5,253.0,913.0,913,0.1242603550295858,0.1242603550295858,0.1242603550295858
1,8,8.0,mixed,8,network,30,30,30,0,0.0,27,True,0,2.347283308660586,0.23339022689850714,128.540086698,4.0241392776612415,4.731666772376082,3542974464,2501677056,14.476993868359616,4541415424,8,network,30,30,90.01355913333333,83.287397,109.49323235,109.945843,6074.169886633334,6116.2646065,8860.584208199994,9670.197391,6074.169886633334,6116.2646065,8860.584208199994,9670.197391,32596.122767633333,33606.530803,45334.23807729998,57863.528516,22439.012201633333,23511.276739,31866.19678015,38441.507897,22538.7894343,23594.1564075,31976.5798579,38523.528516,,,,,211.147811,211.147811,211.147811,211.147811,,,,,,,,,,,,,,,,,,,,,24081.000677066666,25919.745939,34763.85115169999,45835.118026,,,,,,,,,,,,,,,,,,,,,4211.520501233334,4121.503557,6830.895390999999,8145.610188,24081.000677066666,25919.745939,34763.85115169999,45835.118026,4211.520501233334,4121.503557,6830.895390999999,8145.610188,3.289681654951146,3.3210493016028155,4.246144163125063,4.56479194340796,,,,,0.41941765637373823,0.38291561367120586,0.5916414359410919,0.6816482918803419,5.466666666666667,6.0,8.0,10,178.43333333333334,140.0,479.0,913,,,
2,1,1.0,en,2,direct,30,10,30,0,0.0,30,True,0,1.646936437179968,0.20138621144289173,148.96749775,4.163589908336536,9.239755936890141,5707116544,3351913472,13.799923971264569,5231296512,2,curve,30,30,0.1146713,0.11382300000000001,0.16991705000000001,0.215292,2764.6294217,2739.8753505,3060.9017189,3212.689482,2764.6294217,2739.8753505,3060.9017189,3212.689482,9460.806560033334,10074.730541500001,12735.9355556,12833.96605,1281.7392373333332,1193.571583,1965.711648699999,2196.110315,1282.8065600333334,1194.3351645,1966.904969849999,2197.440877,,,,,216.7230464,228.344566,228.344566,228.344566,,,,,,,,,,,,,,,,,,,,,0.5306442333333333,0.569689,0.8839526,1.005789,,,,,,,,,,,,,,,,,,,,,4883.5916961,4797.232892,8095.022400549998,8596.229613,0.5306442333333333,0.569689,0.8839526,1.005789,4883.5916961,4797.232892,8095.022400549998,8596.229613,1.1693154224627955,1.1706496817996195,1.2922669972656249,1.3135534666666666,,,,,0.5810709413658429,0.5587592781723485,0.7957179787181896,0.847754399704142,4.6,5.0,6.0,6,125.1,140.0,253.0,253,0.1024390243902439,0.1024390243902439,0.1024390243902439
2,1,1.0,id,2,direct,30,10,30,0,0.0,30,True,0,1.671836612357914,0.15867849395955905,189.061537272,5.626364781979929,9.322885647194475,5695778816,3340277760,18.494520502345928,5205209088,2,curve,30,30,0.16794153333333334,0.16452250000000002,0.28971929999999996,0.328765,2837.9518126666667,2800.975765,3059.52942495,3063.724625,2837.9518126666667,2800.975765,3059.52942495,3063.724625,12531.557219533333,12535.643295000002,16668.034453549997,16727.206839,1994.3952163333333,1846.985741,3426.5097011999997,3562.701079,1995.5572195333332,1848.363199,3427.32822135,3563.431284,,,,,213.81766649999997,213.81766649999997,228.344566,228.344566,,,,,,,,,,,,,,,,,,,,,0.8091469666666666,0.843468,1.2566515499999993,1.375158,,,,,,,,,,,,,,,,,,,,,8557.328991766666,7821.127829499999,12315.414799699998,12656.479521,0.8091469666666666,0.843468,1.2566515499999993,1.375158,8557.328991766666,7821.127829499999,12315.414799699998,12656.479521,1.216517032445733,1.1891885660444526,1.4882233933547009,1.507611294017094,,,,,0.8282115618858819,0.8400214829343972,1.0583411181410256,1.0877181178062678,5.7,6.0,8.0,8,114.7,27.0,479.0,479,0.35195530726256985,0.35195530726256985,0.35195530726256985
2,1,1.0,zh,2,direct,30,10,30,0,0.0,30,True,0,1.7109315835905254,0.1493220093899917,200.90809199900002,3.9831640123874266,9.18288343919238,5710049280,3354640384,13.365835631075718,5227147264,2,curve,30,30,0.1390733,0.11447850000000001,0.25901299999999994,0.307705,2658.7593797333334,2666.7137115,2818.39482725,2895.79958,2658.7593797333334,2666.7137115,2818.39482725,2895.79958,12528.943975633334,11730.136053,20347.6384989,20362.524793,1069.8761324333334,1023.1891375,1487.9116094999997,1558.104992,1070.9439756333334,1024.444622,1489.0694058499998,1559.251919,,,,,212.84920653333333,199.290767,228.344566,228.344566,,,,,,,,,,,,,,,,,,,,,0.6846551666666667,0.5777445,1.2886161,1.719415,,,,,,,,,,,,,,,,,,,,,6177.433701933333,5824.698591,11089.2654444,11288.976118,0.6846551666666667,0.5777445,1.2886161,1.719415,6177.433701933333,5824.698591,11089.2654444,11288.976118,1.1078304134964942,1.0778789129411765,1.206440427188755,1.2152860514056225,,,,,0.53537460710926,0.5476045935447567,0.5915097903367172,0.5985819934640523,6.1,6.0,10.0,10,295.5,253.0,913.0,913,0.1242603550295858,0.1242603550295858,0.1242603550295858
2,2,2.0,en,4,direct,30,10,30,0,0.0,27,True,0,2.4488754210145127,0.29944673771270647,100.184761501,6.870583180330685,9.353410189236211,5856980992,3502135296,22.96324095216458,5060460544,4,curve,30,30,0.17800366666666667,0.172938,0.28670514999999985,0.389298,3289.4292468666667,3003.4739154999997,4371.36922235,4419.458224,3289.4292468666667,3003.4739154999997,4371.36922235,4419.458224,12298.263305566667,14025.999412500001,16162.640542199999,16347.732463,4119.110560066667,4157.446744999999,6508.869599199999,7349.039709,4120.2633055666665,4158.6221035,6509.997155,7349.493996,,,,,334.3259002333333,313.072257,362.119126,362.119126,,,,,,,,,,,,,,,,,,,,,3201.091395066667,3160.7510095,5579.323404949999,6869.919624,,,,,,,,,,,,,,,,,,,,,5537.9267386,6177.830307,8427.5354096,8662.595169,3201.091395066667,3160.7510095,5579.323404949999,6869.919624,5537.9267386,6177.830307,8427.5354096,8662.595169,1.5123557019102079,1.509767752797817,1.8828086549609375,1.9141161686567165,,,,,0.664294740170005,0.6481066162022523,0.8311178904930966,0.854299326331361,4.6,5.0,6.0,6,125.1,140.0,253.0,253,0.1024390243902439,0.1024390243902439,0.1024390243902439
2,2,2.0,id,4,direct,30,10,30,0,0.0,30,True,0,2.1526668925726615,0.20431538464053356,146.83182107300001,7.492331316043258,9.212117170849154,5881475072,3528376320,25.068770749904314,5088698368,4,curve,30,30,0.14983,0.145096,0.23418784999999995,0.253444,3415.5345413,3267.9016465000004,4143.642080749999,5202.250204,3415.5345413,3267.9016465000004,4143.642080749999,5202.250204,18629.185151666665,18895.499077499997,24960.461383799997,28549.759032,8092.021200633333,8430.761447,11429.7441341,14628.656634,8093.185151666667,8432.1137115,11430.63859465,14629.759032,,,,,334.3259002333333,313.072257,362.119126,362.119126,,,,,,,,,,,,,,,,,,,,,6324.2846931,6487.826903499999,10288.728179299993,11675.098994,,,,,,,,,,,,,,,,,,,,,8920.0616925,8520.670973,12959.563928399999,13237.703052,6324.2846931,6487.826903499999,10288.728179299993,11675.098994,8920.0616925,8520.670973,12959.563928399999,13237.703052,1.800341478551792,1.767543424906762,2.2124322863960115,2.6451138719373217,,,,,0.8606578495106195,0.8502257238465327,1.1406937071011396,1.1922431566951568,5.7,6.0,8.0,8,114.7,27.0,479.0,479,0.35195530726256985,0.35195530726256985,0.35195530726256985
2,2,2.0,zh,4,direct,30,10,30,0,0.0,30,True,0,2.94910445661969,0.2573838764723066,116.55741770300001,7.487271536467957,9.401071572630425,5881425920,3529174016,25.089531440672626,5072875520,4,curve,30,30,0.15357523333333334,0.154334,0.2956711,0.307014,3270.0397339,3404.0835035,3851.3479920499994,4143.699634,3270.0397339,3404.0835035,3851.3479920499994,4143.699634,14962.401427033334,14620.457752999999,22651.76718235,23381.540489,3503.2443046666667,3607.995382,4843.4159399,4985.370491,3504.401427033333,3608.9493549999997,4844.8862956,4986.551898,,,,,337.5956915,337.5956915,362.119126,362.119126,,,,,,,,,,,,,,,,,,,,,4338.878797966667,4521.8344425,6787.6719395,7440.705712,,,,,,,,,,,,,,,,,,,,,6952.5414811,6482.243733,11850.411660200001,11911.924026,4338.878797966667,4521.8344425,6787.6719395,7440.705712,6952.5414811,6482.243733,11850.411660200001,11911.924026,1.3394972501794133,1.3718901393796181,1.497665272348485,1.7282528546184739,,,,,0.6052542222544073,0.6094721820938709,0.6932152092187968,0.7110307966666667,6.1,6.0,10.0,10,295.5,253.0,913.0,913,0.1242603550295858,0.1242603550295858,0.1242603550295858
2,4,4.0,en,8,direct,30,10,30,0,0.0,25,True,0,2.5631246488970545,0.31341705171154993,95.719106016,7.47687334356457,8.948054030371441,6145773568,3791525888,25.292577467330577,4850053120,8,curve,30,30,0.12154916666666667,0.109239,0.23023529999999992,0.260236,5127.333174066666,5298.6193185,7609.560926999994,9911.834264,5127.333174066666,5298.6193185,7609.560926999994,9911.834264,22790.623791966667,23289.206368,31741.427011,32448.43701,14611.432037,13721.5320195,21636.2069439,22227.581631,14612.623791966667,13723.207477,21637.427011,22228.43701,,,,,333.3276306,324.818493,346.091337,346.091337,,,,,,,,,,,,,,,,,,,,,13499.0564693,13400.849867500001,20845.646496949998,23305.834831,,,,,,,,,,,,,,,,,,,,,5849.465339233333,6432.5373815,8558.55656825,8668.423271,13499.0564693,13400.849867500001,20845.646496949998,23305.834831,5849.465339233333,6432.5373815,8558.55656825,8668.423271,2.7807219199692637,2.8811785671988224,3.202834322920962,3.3231121489837396,,,,,0.7066148996139274,0.7105529017123288,0.8440391092948718,0.854874089842209,4.6,5.0,6.0,6,125.1,140.0,253.0,253,0.1024390243902439,0.1024390243902439,0.1024390243902439
2,4,4.0,id,8,direct,30,10,30,0,0.0,30,True,0,2.0717903017570833,0.19663917062994338,152.56370286700002,7.171991026244824,9.286851729949277,6197469184,3844720640,24.146627739709366,4801904640,8,curve,30,30,0.1309484,0.1165075,0.23722195,0.285443,4836.778234166666,4817.1508295,7492.779811199995,9406.937057,4836.778234166666,4817.1508295,7492.779811199995,9406.937057,33681.86858743333,34899.210263500005,45791.21348614999,47541.218319,23144.7097056,25515.5895945,31012.240982649993,32060.14405,23145.868587433335,25516.3510495,31013.213486149994,32061.218319,,,,,337.5821994,346.091337,346.091337,346.091337,,,,,,,,,,,,,,,,,,,,,20707.1216237,21192.7090355,30797.799734249995,31500.298764,,,,,,,,,,,,,,,,,,,,,8865.5849594,8296.755071,13273.943341749997,13926.387228,20707.1216237,21192.7090355,30797.799734249995,31500.298764,8865.5849594,8296.755071,13273.943341749997,13926.387228,3.2729045283851677,3.2177370246071777,4.807459398672082,4.943074170940171,,,,,0.8562742240224396,0.8908050349703065,1.0990617675641023,1.1999129304843306,5.7,6.0,8.0,8,114.7,27.0,479.0,479,0.35195530726256985,0.35195530726256985,0.35195530726256985
2,4,4.0,zh,8,direct,30,10,30,0,0.0,30,True,0,3.051813327070816,0.2663478204809579,112.63467426100001,7.641188113281243,9.557855008298944,6159519744,3806519296,25.577372535110094,4775268352,8,curve,30,30,0.11205216666666666,0.103053,0.19623354999999995,0.222546,4205.772772,4227.832962,5863.973691499999,6141.232838,4205.772772,4227.832962,5863.973691499999,6141.232838,25567.3947775,25817.910846,37342.00054755,39111.657791,14108.265192933333,14949.0640815,20801.7594568,21677.177482,14109.3947775,14950.1701805,20802.939626,21678.641855,,,,,336.1640098,346.091337,346.091337,346.091337,,,,,,,,,,,,,,,,,,,,,15481.491996266666,16794.7565745,24164.876163749996,24827.071307,,,,,,,,,,,,,,,,,,,,,6892.0469393,6658.105460500001,11399.657905899998,11827.255875,15481.491996266666,16794.7565745,24164.876163749996,24827.071307,6892.0469393,6658.105460500001,11399.657905899998,11827.255875,2.265387280048536,2.3142805202848415,2.652410926977911,2.856517349506903,,,,,0.603301877676732,0.6100594960990204,0.6969261066265146,0.7127723166666666,6.1,6.0,10.0,10,295.5,253.0,913.0,913,0.1242603550295858,0.1242603550295858,0.1242603550295858
2,8,8.0,en,16,direct,60,10,60,0,0.0,35,True,0,2.5936315526975546,0.3171474141229585,189.18647079599998,7.621864366879671,9.229649222689295,6707212288,4355380224,25.864944797861273,4252069888,16,curve,60,60,0.10288346666666667,0.08137249999999999,0.22643159999999998,0.280244,8835.152135433333,7714.3794720000005,17935.094844799998,19995.083312,8835.152135433333,7714.3794720000005,17935.094844799998,19995.083312,41629.37761543333,45279.6362125,57538.22628715,59864.649179,33446.86884846666,35975.0767595,46556.46070954999,49037.143979,33451.37761543333,35976.430454500005,46558.386571749994,49037.92383,,,,,343.5230696,368.376522,368.376522,368.376522,,,,,,,,,,,,,,,,,,,,,30761.940641783334,31066.9347245,44667.7172519,46009.307642,,,,,,,,,,,,,,,,,,,,,5853.686301483333,6216.805225,8879.935754549999,9053.350838,30761.940641783334,31066.9347245,44667.7172519,46009.307642,5853.686301483333,6216.805225,8879.935754549999,9053.350838,5.117577275504569,5.100741979004843,6.3504285700839525,6.818897916260163,,,,,0.7052298765248763,0.6972965161576274,0.8757333091272189,0.8928353883629191,4.6,5.0,6.0,6,125.1,140.0,253.0,253,0.1024390243902439,0.1024390243902439,0.1024390243902439
2,8,8.0,id,16,direct,60,10,60,0,0.0,45,True,0,2.089272182457469,0.19829842278449783,302.57426739699997,7.586447709989725,9.374458191601427,6814777344,4463711232,25.61379604670508,4160806912,16,curve,60,60,0.11669175,0.10764699999999999,0.26128565000000004,0.361045,8987.615546466666,7202.9536295,21665.437168049997,24941.102525,8987.615546466666,7202.9536295,21665.437168049997,24941.102525,64219.258147583336,68541.9091875,87137.87895289999,92176.363327,53679.3464436,59575.3428,73216.91737415,76685.92941,53683.258147583336,59576.402616,73217.87895289999,76696.363327,,,,,341.8090384,316.955586,368.376522,368.376522,,,,,,,,,,,,,,,,,,,,,49339.52689443334,56175.2551455,67275.55805095,74046.79406,,,,,,,,,,,,,,,,,,,,,9351.419009833333,8902.705544,13748.00920265,14441.207903,49339.52689443334,56175.2551455,67275.55805095,74046.79406,9351.419009833333,8902.705544,13748.00920265,14441.207903,6.341694975161112,6.517093814376177,8.96570998706399,10.15341022413793,,,,,0.9106598259541631,0.8909076734537037,1.1990978335263165,1.3000851012820513,5.7,6.0,8.0,8,114.7,27.0,479.0,479,0.35195530726256985,0.35195530726256985,0.35195530726256985
2,8,8.0,zh,16,direct,60,10,60,0,0.0,52,True,0,2.9242522066000816,0.2552148897364358,235.096001107,7.539313258130724,9.922973531572605,6763589632,4413023232,25.520674239517813,4222844928,16,curve,60,60,0.15373198333333332,0.1308945,0.30062599999999945,0.606303,6888.508439133333,6204.9884409999995,12714.086122449995,14951.968647,6888.508439133333,6204.9884409999995,12714.086122449995,14951.968647,47554.39014275,49067.877577,69545.21546664998,75356.163669,36093.23419535,37788.584887000005,52752.88554409999,56015.484135,36096.39014275,37797.877577,52754.12658204999,56016.163669,,,,,342.66605400000003,342.66605400000003,368.376522,368.376522,,,,,,,,,,,,,,,,,,,,,35856.35344851667,37404.545591500006,54046.499153599994,61936.149944,,,,,,,,,,,,,,,,,,,,,7048.7532688,6847.364562,11809.847625499999,12422.722175,35856.35344851667,37404.545591500006,54046.499153599994,61936.149944,7048.7532688,6847.364562,11809.847625499999,12422.722175,4.297077424111463,4.363302052274648,5.43661987460671,6.743896394176707,,,,,0.6206914273769976,0.6246726633779807,0.7014127175911932,0.7157523635294117,6.1,6.0,10.0,10,295.5,253.0,913.0,913,0.1242603550295858,0.1242603550295858,0.1242603550295858
2,8,8.0,mixed,16,network,30,30,25,5,0.16666666666666663,19,False,0,2.483719699445979,0.24156937630777106,103.489938924,7.637524149439441,9.282417726194389,6697512960,4346713088,25.932827980785625,4294029312,16,network,25,25,85.46925272,84.395072,86.18964360000001,116.174093,9661.42682808,8287.775746,21336.46393159999,22674.959536,9661.42682808,8287.775746,21336.46393159999,22674.959536,53478.15808264,55346.229614,73958.88309039998,98926.321863,43090.36155184,42061.952369,58667.810036799994,79502.803426,43196.558082640004,42145.866331,58790.88309039999,79586.321863,,,,,339.58079784,316.955586,368.376522,368.376522,,,,,,,,,,,,,,,,,,,,,40817.8827994,42046.641679,57202.87554319999,84868.132048,,,,,,,,,,,,,,,,,,,,,7638.90231308,7649.168041,11927.6332032,13418.875907,40817.8827994,42046.641679,57202.87554319999,84868.132048,7638.90231308,7649.168041,11927.6332032,13418.875907,5.390735730303119,5.453114856574074,6.983976280142061,7.424957604065041,,,,,0.7524473938130594,0.7423555004065041,1.0730997482122766,1.1463585417378916,5.56,6.0,8.0,10,191,140.0,479.0,913,,,
