language,recording_id,metric,1w_1total_mean_percent,1w_2total_mean_percent,2w_2total_mean_percent,2w_4total_mean_percent,2w_16total_mean_percent
en,fleurs_en_us_validation_1523_142,WER,0.0,0.0,0.0,0.0,0.0
en,fleurs_en_us_validation_1626_141,WER,15.151515151515152,15.151515151515152,15.151515151515152,15.151515151515152,15.151515151515152
en,fleurs_en_us_validation_1654_60,WER,0.0,0.0,0.0,0.0,0.0
en,fleurs_en_us_validation_1607_28,WER,0.0,0.0,0.0,0.0,0.0
en,fleurs_en_us_validation_1521_51,WER,0.0,0.0,0.0,0.0,0.0
en,fleurs_en_us_validation_1518_26,WER,47.61904761904761,47.61904761904761,47.61904761904761,47.61904761904761,47.61904761904761
en,fleurs_en_us_validation_1520_42,WER,11.538461538461538,11.538461538461538,11.538461538461538,11.538461538461538,11.538461538461538
en,fleurs_en_us_validation_1549_14,WER,0.0,0.0,0.0,0.0,0.0
en,fleurs_en_us_validation_1510_2,WER,9.523809523809524,9.523809523809524,9.523809523809524,9.523809523809524,9.523809523809524
en,fleurs_en_us_validation_1581_159,WER,7.142857142857142,7.142857142857142,7.142857142857142,7.142857142857142,7.142857142857142
id,fleurs_id_id_validation_1523_32,WER,72.22222222222221,72.22222222222221,72.22222222222221,72.22222222222221,72.22222222222221
id,fleurs_id_id_validation_1626_67,WER,42.857142857142854,42.857142857142854,42.857142857142854,42.857142857142854,42.857142857142854
id,fleurs_id_id_validation_1654_84,WER,0.0,0.0,0.0,0.0,0.0
id,fleurs_id_id_validation_1607_141,WER,30.0,30.0,30.0,30.0,30.0
id,fleurs_id_id_validation_1521_214,WER,0.0,0.0,0.0,0.0,0.0
id,fleurs_id_id_validation_1518_37,WER,75.0,75.0,75.0,75.0,75.0
id,fleurs_id_id_validation_1520_4,WER,16.666666666666664,16.666666666666664,16.666666666666664,16.666666666666664,16.666666666666664
id,fleurs_id_id_validation_1549_131,WER,36.84210526315789,36.84210526315789,36.84210526315789,36.84210526315789,36.84210526315789
id,fleurs_id_id_validation_1510_256,WER,66.66666666666666,66.66666666666666,66.66666666666666,66.66666666666666,66.66666666666666
id,fleurs_id_id_validation_1581_36,WER,0.0,0.0,0.0,0.0,0.0
zh,fleurs_cmn_hans_cn_validation_1523_8,CER,22.58064516129032,22.58064516129032,22.58064516129032,22.58064516129032,22.58064516129032
zh,fleurs_cmn_hans_cn_validation_1626_27,CER,7.017543859649122,7.017543859649122,7.017543859649122,7.017543859649122,7.017543859649122
zh,fleurs_cmn_hans_cn_validation_1654_53,CER,8.823529411764707,8.823529411764707,8.823529411764707,8.823529411764707,8.823529411764707
zh,fleurs_cmn_hans_cn_validation_1607_137,CER,5.88235294117647,5.88235294117647,5.88235294117647,5.88235294117647,5.88235294117647
zh,fleurs_cmn_hans_cn_validation_1521_86,CER,4.545454545454546,4.545454545454546,4.545454545454546,4.545454545454546,4.545454545454546
zh,fleurs_cmn_hans_cn_validation_1518_114,CER,0.0,0.0,0.0,0.0,0.0
zh,fleurs_cmn_hans_cn_validation_1520_32,CER,28.57142857142857,28.57142857142857,28.57142857142857,28.57142857142857,28.57142857142857
zh,fleurs_cmn_hans_cn_validation_1549_96,CER,2.941176470588235,2.941176470588235,2.941176470588235,2.941176470588235,2.941176470588235
zh,fleurs_cmn_hans_cn_validation_1510_56,CER,6.896551724137931,6.896551724137931,6.896551724137931,6.896551724137931,6.896551724137931
zh,fleurs_cmn_hans_cn_validation_1581_2,CER,26.923076923076923,26.923076923076923,26.923076923076923,26.923076923076923,26.923076923076923
