language,recording_id,metric,1w_1total_mean_percent,1w_1total_completed,1w_1total_offered,1w_1total_failure_inclusive_percent,1w_2total_mean_percent,1w_2total_completed,1w_2total_offered,1w_2total_failure_inclusive_percent,2w_2total_mean_percent,2w_2total_completed,2w_2total_offered,2w_2total_failure_inclusive_percent,2w_4total_mean_percent,2w_4total_completed,2w_4total_offered,2w_4total_failure_inclusive_percent,2w_16total_mean_percent,2w_16total_completed,2w_16total_offered,2w_16total_failure_inclusive_percent
en,fleurs_en_us_validation_1523_142,WER,5.263157894736842,3,3,5.263157894736842,5.263157894736842,3,3,5.263157894736842,5.263157894736842,3,3,5.263157894736842,5.263157894736842,3,3,5.263157894736842,5.263157894736842,6,6,5.263157894736842
en,fleurs_en_us_validation_1626_141,WER,15.151515151515152,3,3,15.151515151515152,15.151515151515152,3,3,15.151515151515152,15.151515151515152,3,3,15.151515151515152,15.151515151515152,3,3,15.151515151515152,15.151515151515152,6,6,15.151515151515152
en,fleurs_en_us_validation_1654_60,WER,0.0,3,3,0.0,0.0,3,3,0.0,0.0,3,3,0.0,0.0,3,3,0.0,0.0,6,6,0.0
en,fleurs_en_us_validation_1607_28,WER,0.0,3,3,0.0,0.0,3,3,0.0,0.0,3,3,0.0,0.0,3,3,0.0,0.0,6,6,0.0
en,fleurs_en_us_validation_1521_51,WER,0.0,3,3,0.0,0.0,3,3,0.0,0.0,3,3,0.0,0.0,3,3,0.0,0.0,6,6,0.0
en,fleurs_en_us_validation_1518_26,WER,,0,3,100.0,,0,3,100.0,,0,3,100.0,,0,3,100.0,,0,6,100.0
en,fleurs_en_us_validation_1520_42,WER,11.538461538461538,3,3,11.538461538461538,11.538461538461538,3,3,11.538461538461538,11.538461538461538,3,3,11.538461538461538,11.538461538461538,3,3,11.538461538461538,11.538461538461538,6,6,11.538461538461538
en,fleurs_en_us_validation_1549_14,WER,0.0,3,3,0.0,0.0,3,3,0.0,0.0,3,3,0.0,0.0,3,3,0.0,0.0,6,6,0.0
en,fleurs_en_us_validation_1510_2,WER,9.523809523809524,3,3,9.523809523809524,9.523809523809524,3,3,9.523809523809524,9.523809523809524,3,3,9.523809523809524,9.523809523809524,3,3,9.523809523809524,9.523809523809524,6,6,9.523809523809524
en,fleurs_en_us_validation_1581_159,WER,7.142857142857142,3,3,7.142857142857142,7.142857142857142,3,3,7.142857142857142,7.142857142857142,3,3,7.142857142857142,7.142857142857142,3,3,7.142857142857142,7.142857142857142,6,6,7.142857142857142
id,fleurs_id_id_validation_1523_32,WER,0.0,3,3,0.0,0.0,3,3,0.0,0.0,3,3,0.0,0.0,3,3,0.0,0.0,6,6,0.0
id,fleurs_id_id_validation_1626_67,WER,17.857142857142858,3,3,17.857142857142858,17.857142857142858,3,3,17.857142857142858,17.857142857142858,3,3,17.857142857142858,17.857142857142858,3,3,17.857142857142858,17.857142857142858,6,6,17.857142857142858
id,fleurs_id_id_validation_1654_84,WER,0.0,3,3,0.0,0.0,3,3,0.0,0.0,3,3,0.0,0.0,3,3,0.0,0.0,6,6,0.0
id,fleurs_id_id_validation_1607_141,WER,0.0,3,3,0.0,0.0,3,3,0.0,0.0,3,3,0.0,0.0,3,3,0.0,0.0,6,6,0.0
id,fleurs_id_id_validation_1521_214,WER,0.0,3,3,0.0,0.0,3,3,0.0,0.0,3,3,0.0,0.0,3,3,0.0,0.0,6,6,0.0
id,fleurs_id_id_validation_1518_37,WER,0.0,3,3,0.0,0.0,3,3,0.0,0.0,3,3,0.0,0.0,3,3,0.0,0.0,6,6,0.0
id,fleurs_id_id_validation_1520_4,WER,8.333333333333332,3,3,8.333333333333332,8.333333333333332,3,3,8.333333333333332,8.333333333333332,3,3,8.333333333333332,8.333333333333332,3,3,8.333333333333332,8.333333333333332,6,6,8.333333333333332
id,fleurs_id_id_validation_1549_131,WER,,0,3,100.0,,0,3,100.0,,0,3,100.0,,0,3,100.0,,0,6,100.0
id,fleurs_id_id_validation_1510_256,WER,,0,3,100.0,,0,3,100.0,,0,3,100.0,,0,3,100.0,,0,6,100.0
id,fleurs_id_id_validation_1581_36,WER,0.0,3,3,0.0,0.0,3,3,0.0,0.0,3,3,0.0,0.0,3,3,0.0,0.0,6,6,0.0
zh,fleurs_cmn_hans_cn_validation_1523_8,CER,22.58064516129032,3,3,22.58064516129032,22.58064516129032,3,3,22.58064516129032,22.58064516129032,3,3,22.58064516129032,22.58064516129032,3,3,22.58064516129032,22.58064516129032,6,6,22.58064516129032
zh,fleurs_cmn_hans_cn_validation_1626_27,CER,1.7543859649122806,3,3,1.7543859649122806,1.7543859649122806,3,3,1.7543859649122806,1.7543859649122806,3,3,1.7543859649122806,1.7543859649122806,3,3,1.7543859649122806,1.7543859649122806,6,6,1.7543859649122806
zh,fleurs_cmn_hans_cn_validation_1654_53,CER,0.0,3,3,0.0,0.0,3,3,0.0,0.0,3,3,0.0,0.0,3,3,0.0,0.0,6,6,0.0
zh,fleurs_cmn_hans_cn_validation_1607_137,CER,0.0,3,3,0.0,0.0,3,3,0.0,0.0,3,3,0.0,0.0,3,3,0.0,0.0,6,6,0.0
zh,fleurs_cmn_hans_cn_validation_1521_86,CER,4.545454545454546,3,3,4.545454545454546,4.545454545454546,3,3,4.545454545454546,4.545454545454546,3,3,4.545454545454546,4.545454545454546,3,3,4.545454545454546,4.545454545454546,6,6,4.545454545454546
zh,fleurs_cmn_hans_cn_validation_1518_114,CER,0.0,3,3,0.0,0.0,3,3,0.0,0.0,3,3,0.0,0.0,3,3,0.0,0.0,6,6,0.0
zh,fleurs_cmn_hans_cn_validation_1520_32,CER,0.0,3,3,0.0,0.0,3,3,0.0,0.0,3,3,0.0,0.0,3,3,0.0,0.0,6,6,0.0
zh,fleurs_cmn_hans_cn_validation_1549_96,CER,2.941176470588235,3,3,2.941176470588235,2.941176470588235,3,3,2.941176470588235,2.941176470588235,3,3,2.941176470588235,2.941176470588235,3,3,2.941176470588235,2.941176470588235,6,6,2.941176470588235
zh,fleurs_cmn_hans_cn_validation_1510_56,CER,0.0,3,3,0.0,0.0,3,3,0.0,0.0,3,3,0.0,0.0,3,3,0.0,0.0,6,6,0.0
zh,fleurs_cmn_hans_cn_validation_1581_2,CER,3.8461538461538463,3,3,3.8461538461538463,3.8461538461538463,3,3,3.8461538461538463,3.8461538461538463,3,3,3.8461538461538463,3.8461538461538463,3,3,3.8461538461538463,3.8461538461538463,6,6,3.8461538461538463
