layout,metric,unit,count,mean,p50,p95,p99,max
native_1w_1s,startup_ns,ms,6,358.0196655,351.775296,380.47903825,385.82780364999996,387.164995
native_1w_1s,first_partial_ns,ms,6,7133.584943333333,7200.246491,7200.28187525,7200.28541585,7200.286301
native_1w_1s,first_usable_transcript_ns,ms,6,7133.584943333333,7200.246491,7200.28187525,7200.28541585,7200.286301
native_1w_1s,final_result_ns,ms,6,17990.767504333333,17816.681778,19976.09054375,19976.38961275,19976.46438
native_1w_1s,finalization_ns,ms,6,3877.0529013333335,3599.6056455,4495.56882875,4495.89103695,4495.971589
native_1w_1s,scheduled_final_lag_ns,ms,6,3877.434171,3599.9040274999998,4496.0905437500005,4496.38961275,4496.46438
native_1w_1s,model_load_ns,ms,6,352.95039633333334,347.6035,375.10721525,380.50836465000003,381.858652
native_1w_1s,shared_model_load_ns,ms,0,,,,,
native_1w_1s,live_invocation_wall_ns,ms,6,15398.5458935,15804.327772,16649.513742,16650.3190116,16650.520329
native_1w_1s,prefix_decode_wall_ns,ms,0,,,,,
native_1w_1s,eof_refinement_wall_ns,ms,6,2498.833403,2340.0963635,3236.019237,3236.6487322,3236.806106
native_1w_1s,prefix_decode_queue_wait_ns,ms,0,,,,,
native_1w_1s,eof_decode_queue_wait_ns,ms,0,,,,,
native_1w_1s,runtime_queue_wait_ns,ms,0,,,,,
native_1w_1s,offline_decode_wall_ns,ms,0,,,,,
native_1w_1s,worker_cpu_ns,ms,6,38604.403333333335,34908.082500000004,46840.63175,46911.132750000004,46928.758
native_1w_1s,first_stable_transcript_ns,ms,0,,,,,
native_1w_1s,first_inference_compute_ns,ms,0,,,,,
native_1w_1s,partial_service_lag_ns,ms,0,,,,,
native_1w_1s,effective_rtf,ratio,6,1.2747495532004132,1.2861608924880765,1.2904451255652456,1.290464445268088,1.2904692751937985
native_1w_1s,offline_decode_wall_rtf,ratio,0,,,,,
native_1w_1s,inference_compute_rtf,ratio,0,,,,,
native_1w_1s,send_lag,ms,426,0.12292910798122066,0.09544050000000001,0.3371655,0.47410599999999997,1.231669
native_1w_1s,controller_queue_wait,ms,426,0.001373906103286385,0.001242,0.0023015,0.00341675,0.006082
native_1w_1s,submit_wall,ms,426,0.15441100704225352,0.135283,0.320835,0.53540875,0.845331
native_1w_1s,publication_delay,ms,216,105.81879527777778,113.181719,183.83101875,185.07556655,185.370147
shared_1w_1s_control,startup_ns,ms,6,0.0047441666666666665,0.0048045,0.0062295,0.0062315,0.006232
shared_1w_1s_control,first_partial_ns,ms,6,5015.856276333334,5045.13312,5297.529115249999,5305.94205025,5308.045284
shared_1w_1s_control,first_usable_transcript_ns,ms,6,5015.856276333334,5045.13312,5297.529115249999,5305.94205025,5308.045284
shared_1w_1s_control,final_result_ns,ms,6,16659.919022000002,16255.933853,18787.08128475,18792.021686549997,18793.256787
shared_1w_1s_control,finalization_ns,ms,6,2546.286816,2362.5747149999997,3306.8578045,3311.7972145,3313.032067
shared_1w_1s_control,scheduled_final_lag_ns,ms,6,2546.5856886666666,2362.9174305,3307.08128475,3312.0216865499997,3313.256787
shared_1w_1s_control,model_load_ns,ms,0,,,,,
shared_1w_1s_control,shared_model_load_ns,ms,3,339.95680833333336,341.556322,347.6197012,348.15866824,348.29341
shared_1w_1s_control,live_invocation_wall_ns,ms,0,,,,,
shared_1w_1s_control,prefix_decode_wall_ns,ms,6,1015.4818491666667,1044.7424675,1297.1085845,1305.4625393000001,1307.551028
shared_1w_1s_control,eof_refinement_wall_ns,ms,6,2546.085526,2362.404687,3306.6653695,3311.6095363,3312.845578
shared_1w_1s_control,prefix_decode_queue_wait_ns,ms,6,0.18040216666666667,0.16257349999999998,0.33212825,0.33572085,0.336619
shared_1w_1s_control,eof_decode_queue_wait_ns,ms,6,0.13739033333333334,0.12174299999999999,0.201895,0.215819,0.2193
shared_1w_1s_control,runtime_queue_wait_ns,ms,6,0.3177925,0.33738049999999997,0.4402975,0.4415595,0.441875
shared_1w_1s_control,offline_decode_wall_ns,ms,6,3561.567375166667,3407.1471545000004,4591.413536999999,4594.823324999999,4595.675772
shared_1w_1s_control,worker_cpu_ns,ms,0,,,,,
shared_1w_1s_control,first_stable_transcript_ns,ms,0,,,,,
shared_1w_1s_control,first_inference_compute_ns,ms,0,,,,,
shared_1w_1s_control,partial_service_lag_ns,ms,0,,,,,
shared_1w_1s_control,effective_rtf,ratio,6,1.179812933312272,1.1878312742845787,1.2136357419089148,1.2139548893120156,1.2140346761627907
shared_1w_1s_control,offline_decode_wall_rtf,ratio,6,0.25185654277457054,0.2708384065580286,0.2966029416666667,0.2968232122093023,0.29687827984496123
shared_1w_1s_control,inference_compute_rtf,ratio,0,,,,,
shared_1w_1s_control,send_lag,ms,426,0.11990626291079812,0.093222,0.329467,0.5364074999999999,0.752512
shared_1w_1s_control,controller_queue_wait,ms,426,0.001305131455399061,0.0011875,0.002034,0.00299025,0.009357
shared_1w_1s_control,submit_wall,ms,426,0.052299600938967135,0.033082,0.07344200000000001,0.17775725,6.400388
shared_1w_1s_control,publication_delay,ms,12,0.061003166666666664,0.060242500000000004,0.07125735,0.07219147000000001,0.072425
shared_1w_2s,startup_ns,ms,6,0.0058105,0.00561,0.0067125,0.006848900000000001,0.006883
shared_1w_2s,first_partial_ns,ms,6,5529.227192833333,5345.534036999999,6462.8565575,6561.2087363,6585.796781
shared_1w_2s,first_usable_transcript_ns,ms,6,5529.227192833333,5345.534036999999,6462.8565575,6561.2087363,6585.796781
shared_1w_2s,final_result_ns,ms,6,17905.419426833334,17719.9917665,21254.88884825,21916.61494965,22082.046475
shared_1w_2s,finalization_ns,ms,6,3791.905292,3592.7100965,6123.2330615,6506.1055635,6601.823689
shared_1w_2s,scheduled_final_lag_ns,ms,6,3792.0860935,3592.893748,6123.4378575,6506.3247515,6602.046475
shared_1w_2s,model_load_ns,ms,0,,,,,
shared_1w_2s,shared_model_load_ns,ms,3,338.02529366666664,338.282542,341.7976018,342.11005156,342.188164
shared_1w_2s,live_invocation_wall_ns,ms,0,,,,,
shared_1w_2s,prefix_decode_wall_ns,ms,6,1009.1177911666666,1046.927148,1303.8526997499998,1312.73375595,1314.95402
shared_1w_2s,eof_refinement_wall_ns,ms,6,2530.2115641666664,2343.730654,3304.78868875,3307.94022575,3308.72811
shared_1w_2s,prefix_decode_queue_wait_ns,ms,6,519.8951945,361.752677,1256.3795467500001,1303.30908855,1315.041474
shared_1w_2s,eof_decode_queue_wait_ns,ms,6,1261.6307283333333,966.281922,3055.76162075,3245.57844575,3293.032652
shared_1w_2s,runtime_queue_wait_ns,ms,6,1781.5259228333334,1328.034599,4312.1411675,4548.887534300001,4608.074126
shared_1w_2s,offline_decode_wall_ns,ms,6,3539.3293553333333,3390.6578019999997,4600.762546,4606.4920652,4607.924445
shared_1w_2s,worker_cpu_ns,ms,0,,,,,
shared_1w_2s,first_stable_transcript_ns,ms,0,,,,,
shared_1w_2s,first_inference_compute_ns,ms,0,,,,,
shared_1w_2s,partial_service_lag_ns,ms,0,,,,,
shared_1w_2s,effective_rtf,ratio,6,1.2676902131132697,1.242664003241917,1.413022634215825,1.4237955591429066,1.426488790374677
shared_1w_2s,offline_decode_wall_rtf,ratio,6,0.2502355740630116,0.26952764721780603,0.29720688281653745,0.29757700679586563,0.29766953779069766
shared_1w_2s,inference_compute_rtf,ratio,0,,,,,
shared_1w_2s,send_lag,ms,426,0.11222396713615024,0.0884025,0.14057025,0.8928765,1.536392
shared_1w_2s,controller_queue_wait,ms,426,0.001098025821596244,0.001072,0.001903,0.00247225,0.008446
shared_1w_2s,submit_wall,ms,426,0.06720023474178403,0.0347905,0.09744925,0.45101125,4.576016
shared_1w_2s,publication_delay,ms,12,0.06487458333333333,0.064812,0.07193595,0.07214319,0.072195
native_2w_1s,startup_ns,ms,6,337.10028850000003,336.5853925,340.646406,340.6475964,340.647894
native_2w_1s,first_partial_ns,ms,6,7533.621228666667,7600.2209475,7800.4432449999995,7800.456144999999,7800.45937
native_2w_1s,first_usable_transcript_ns,ms,6,7533.621228666667,7600.2209475,7800.4432449999995,7800.456144999999,7800.45937
native_2w_1s,final_result_ns,ms,6,19621.340884,18923.799885,21937.3476055,21938.7462227,21939.095877
native_2w_1s,finalization_ns,ms,6,5507.722523833333,5424.316169,6457.046232,6458.4724288,6458.828978
native_2w_1s,scheduled_final_lag_ns,ms,6,5508.007550666667,5424.623433000001,6457.3476055,6458.7462227,6459.095877
native_2w_1s,model_load_ns,ms,6,332.1505886666667,331.9180755,335.90628025,335.96499604999997,335.979675
native_2w_1s,shared_model_load_ns,ms,0,,,,,
native_2w_1s,live_invocation_wall_ns,ms,6,16009.447978333334,16444.0100585,17174.04138275,17178.647393350002,17179.798896
native_2w_1s,prefix_decode_wall_ns,ms,0,,,,,
native_2w_1s,eof_refinement_wall_ns,ms,6,3525.5679881666665,3492.6472575,4694.6411735,4700.5759667,4702.059665
native_2w_1s,prefix_decode_queue_wait_ns,ms,0,,,,,
native_2w_1s,eof_decode_queue_wait_ns,ms,0,,,,,
native_2w_1s,runtime_queue_wait_ns,ms,0,,,,,
native_2w_1s,offline_decode_wall_ns,ms,0,,,,,
native_2w_1s,worker_cpu_ns,ms,6,53999.717666666664,49462.156,66534.6375,66613.8947,66633.709
native_2w_1s,first_stable_transcript_ns,ms,0,,,,,
native_2w_1s,first_inference_compute_ns,ms,0,,,,,
native_2w_1s,partial_service_lag_ns,ms,0,,,,,
native_2w_1s,effective_rtf,ratio,6,1.391144860312242,1.417028380749354,1.4314859304848966,1.4317065710254373,1.4317617311605724
native_2w_1s,offline_decode_wall_rtf,ratio,0,,,,,
native_2w_1s,inference_compute_rtf,ratio,0,,,,,
native_2w_1s,send_lag,ms,426,0.11077601643192488,0.0966455,0.19608525,0.3616625,0.481179
native_2w_1s,controller_queue_wait,ms,426,0.0015031948356807512,0.001182,0.00306275,0.0042179999999999995,0.034264
native_2w_1s,submit_wall,ms,426,0.1527380704225352,0.13115,0.354067,0.5741105,0.979742
native_2w_1s,publication_delay,ms,216,91.41018017592593,101.189345,190.434982,193.7870808,193.808014
