layout,recording,language,run_id,worker_id,status,pre_eof_text,startup_ms,first_text_ms,final_ms,eof_delay_ms,effective_rtf,error_metric,error_rate,transcript
native_1w_1s,fleurs_cmn_hans_cn_validation_1559_6,zh,load_18db9fe521d3c8e2_61741a8d32764db84276148f66e21b3b_repeat_0_call_0,worker_0_g1,COMPLETE,True,352.149511,7000.27132,17802.263979,3521.921582,1.2466571413865546,cer,0.0,意大利语的发音相对容易，因为大多数单词的发音与拼写完全相同。
native_1w_1s,fleurs_cmn_hans_cn_validation_1559_6,zh,load_18db9fe521d3c8e2_61741a8d32764db84276148f66e21b3b_repeat_0_call_1,worker_0_g2,COMPLETE,True,360.421168,7000.190459,17831.099577,3550.852398,1.2486764409663866,cer,0.0,意大利语的发音相对容易，因为大多数单词的发音与拼写完全相同。
native_1w_1s,fleurs_id_id_validation_1520_4,id,load_18dba0034c98cde8_9b45b15e5d5d3915a19b49af27ea58d3_repeat_0_call_0,worker_0_g1,COMPLETE,True,350.274244,7200.268598,19974.969035,4494.360548,1.2903726766795867,wer,0.08333333333333333,"Dari 1.400 orang yang disurvey sebelum pemilihan federal tahun 2010, mereka yang menentang Australia menjadi republik tumbuh sebesar 8% sejak tahun 2008."
native_1w_1s,fleurs_id_id_validation_1520_4,id,load_18dba0034c98cde8_9b45b15e5d5d3915a19b49af27ea58d3_repeat_0_call_1,worker_0_g2,COMPLETE,True,346.706994,7200.226178,19976.46438,4495.971589,1.2904692751937985,wer,0.08333333333333333,"Dari 1.400 orang yang disurvey sebelum pemilihan federal tahun 2010, mereka yang menentang Australia menjadi republik tumbuh sebesar 8% sejak tahun 2008."
native_1w_1s,fleurs_en_us_validation_1605_16,en,load_18dba00cc5994746_c6897785bc30ca3b8b10b20f96bd9719_repeat_0_call_0,worker_0_g1,COMPLETE,True,351.401081,7200.266804,16219.976823,3639.634639,1.2893463293322736,wer,0.07692307692307693,"Due to the long distance from the continent, mammals were unable to make the journey, making the giant tortoise the primary grazing animal in the Gobi Los."
native_1w_1s,fleurs_en_us_validation_1605_16,en,load_18dba00cc5994746_c6897785bc30ca3b8b10b20f96bd9719_repeat_0_call_1,worker_0_g2,COMPLETE,True,387.164995,7200.286301,16139.831232,3559.576652,1.2829754556438793,wer,0.07692307692307693,"Due to the long distance from the continent, mammals were unable to make the journey, making the giant tortoise the primary grazing animal in the Gobi Los."
shared_1w_1s_control,fleurs_id_id_validation_1520_4,id,load_18db9fd83b11d995_815018003e8b6e02ccdb2b6ebba42664_repeat_0_call_0,prefix_shared_0,COMPLETE,True,0.006232,5308.045284,18768.554778,3288.335017,1.2124389391472867,wer,0.08333333333333333,"Dari 1.400 orang yang disurvey sebelum pemilihan federal tahun 2010, mereka yang menentang Australia menjadi republik tumbuh sebesar 8% sejak tahun 2008."
shared_1w_1s_control,fleurs_id_id_validation_1520_4,id,load_18db9fd83b11d995_815018003e8b6e02ccdb2b6ebba42664_repeat_0_call_1,prefix_shared_0,COMPLETE,True,0.004419,5265.980609,18793.256787,3313.032067,1.2140346761627907,wer,0.08333333333333333,"Dari 1.400 orang yang disurvey sebelum pemilihan federal tahun 2010, mereka yang menentang Australia menjadi republik tumbuh sebesar 8% sejak tahun 2008."
shared_1w_1s_control,fleurs_cmn_hans_cn_validation_1559_6,zh,load_18db9fedadf891ba_c1c711ce9a73ef1fee5eeefcce968281_repeat_0_call_0,prefix_shared_0,COMPLETE,True,0.00519,4739.741796,16267.156343,1986.815128,1.139156606652661,cer,0.0,意大利语的发音相对容易，因为大多数单词的发音与拼写完全相同。
shared_1w_1s_control,fleurs_cmn_hans_cn_validation_1559_6,zh,load_18db9fedadf891ba_c1c711ce9a73ef1fee5eeefcce968281_repeat_0_call_1,prefix_shared_0,COMPLETE,True,0.002525,4691.103729,16244.711363,1964.389254,1.1375848293417368,cer,0.0,意大利语的发音相对容易，因为大多数单词的发音与拼写完全相同。
shared_1w_1s_control,fleurs_en_us_validation_1605_16,en,load_18dba0149159520f_c01930c5fa5df09241507b1e1b0b8ca7_repeat_0_call_0,prefix_shared_0,COMPLETE,True,0.006222,5084.298469,14950.640201,2370.114032,1.1884451670111287,wer,0.07692307692307693,"Due to the long distance from the continent, mammals were unable to make the journey, making the giant tortoise the primary grazing animal in the Gobi Los."
shared_1w_1s_control,fleurs_en_us_validation_1605_16,en,load_18dba0149159520f_c01930c5fa5df09241507b1e1b0b8ca7_repeat_0_call_1,prefix_shared_0,COMPLETE,True,0.003877,5005.967771,14935.19466,2355.035398,1.1872173815580287,wer,0.07692307692307693,"Due to the long distance from the continent, mammals were unable to make the journey, making the giant tortoise the primary grazing animal in the Gobi Los."
shared_1w_2s,fleurs_en_us_validation_1605_16,en,load_18db9fe11594de43_8624fd89b50c99638f4b080ec7c72aa5_repeat_0_call_0,prefix_shared_0,COMPLETE,True,0.00555,5080.875738,14924.393472,2344.182333,1.1863587815580285,wer,0.07692307692307693,"Due to the long distance from the continent, mammals were unable to make the journey, making the giant tortoise the primary grazing animal in the Gobi Los."
shared_1w_2s,fleurs_en_us_validation_1605_16,en,load_18db9fe11594de43_8624fd89b50c99638f4b080ec7c72aa5_repeat_0_call_1,prefix_shared_0,COMPLETE,True,0.006201,6094.035887,17267.612005,4687.461179,1.3726241657392686,wer,0.07692307692307693,"Due to the long distance from the continent, mammals were unable to make the journey, making the giant tortoise the primary grazing animal in the Gobi Los."
shared_1w_2s,fleurs_id_id_validation_1520_4,id,load_18db9ff55b54957c_2213cea516c7fdb2e0273a8d1058c399_repeat_0_call_0,prefix_shared_0,COMPLETE,True,0.00567,5315.384236,18773.415968,3293.178364,1.212752969509044,wer,0.08333333333333333,"Dari 1.400 orang yang disurvey sebelum pemilihan federal tahun 2010, mereka yang menentang Australia menjadi republik tumbuh sebesar 8% sejak tahun 2008."
shared_1w_2s,fleurs_id_id_validation_1520_4,id,load_18db9ff55b54957c_2213cea516c7fdb2e0273a8d1058c399_repeat_0_call_1,prefix_shared_0,COMPLETE,True,0.006883,6585.796781,22082.046475,6601.823689,1.426488790374677,wer,0.08333333333333333,"Dari 1.400 orang yang disurvey sebelum pemilihan federal tahun 2010, mereka yang menentang Australia menjadi republik tumbuh sebesar 8% sejak tahun 2008."
shared_1w_2s,fleurs_cmn_hans_cn_validation_1559_6,zh,load_18dba01ba2bf051c_e0661169d3e85c780154dc20ee95fcc8_repeat_0_call_0,prefix_shared_0,COMPLETE,True,0.005099,4723.586677,16212.677113,1932.544358,1.1353415345238096,cer,0.0,意大利语的发音相对容易，因为大多数单词的发音与拼写完全相同。
shared_1w_2s,fleurs_cmn_hans_cn_validation_1559_6,zh,load_18dba01ba2bf051c_e0661169d3e85c780154dc20ee95fcc8_repeat_0_call_1,prefix_shared_0,COMPLETE,True,0.00546,5375.683838,18172.371528,3892.241829,1.27257503697479,cer,0.0,意大利语的发音相对容易，因为大多数单词的发音与拼写完全相同。
native_2w_1s,fleurs_id_id_validation_1520_4,id,load_18db9fd2f5a2978e_4d1f1dd3479fc767e3cbf770e2d92a69_repeat_0_call_0,worker_0_g1,COMPLETE,True,334.198214,7600.207277,21939.095877,6458.828978,1.417254255620155,wer,0.08333333333333333,"Dari 1.400 orang yang disurvey sebelum pemilihan federal tahun 2010, mereka yang menentang Australia menjadi republik tumbuh sebesar 8% sejak tahun 2008."
native_2w_1s,fleurs_id_id_validation_1520_4,id,load_18db9fd2f5a2978e_4d1f1dd3479fc767e3cbf770e2d92a69_repeat_0_call_1,worker_1_g1,COMPLETE,True,333.942896,7600.234618,21932.102791,6451.697994,1.416802505878553,wer,0.08333333333333333,"Dari 1.400 orang yang disurvey sebelum pemilihan federal tahun 2010, mereka yang menentang Australia menjadi republik tumbuh sebesar 8% sejak tahun 2008."
native_2w_1s,fleurs_cmn_hans_cn_validation_1559_6,zh,load_18db9ffa86c7541e_d819e153fb12d68990f940509444684e_repeat_0_call_0,worker_0_g1,COMPLETE,True,340.647894,7200.239413,18938.237782,4658.026029,1.3262071275910363,cer,0.0,意大利语的发音相对容易，因为大多数单词的发音与拼写完全相同。
native_2w_1s,fleurs_cmn_hans_cn_validation_1559_6,zh,load_18db9ffa86c7541e_d819e153fb12d68990f940509444684e_repeat_0_call_1,worker_1_g1,COMPLETE,True,340.641942,7200.191824,18909.361988,4629.149804,1.3241850131652662,cer,0.0,意大利语的发音相对容易，因为大多数单词的发音与拼写完全相同。
native_2w_1s,fleurs_en_us_validation_1605_16,en,load_18db9fff0573c638_130c354e4c87554ac58217a8ce6c2cb9_repeat_0_call_0,worker_0_g1,COMPLETE,True,336.639679,7800.39487,17997.684288,5417.415571,1.4306585284578697,wer,0.07692307692307693,"Due to the long distance from the continent, mammals were unable to make the journey, making the giant tortoise the primary grazing animal in the Gobi Los."
native_2w_1s,fleurs_en_us_validation_1605_16,en,load_18db9fff0573c638_130c354e4c87554ac58217a8ce6c2cb9_repeat_0_call_1,worker_1_g1,COMPLETE,True,336.531106,7800.45937,18011.562578,5431.216767,1.4317617311605724,wer,0.07692307692307693,"Due to the long distance from the continent, mammals were unable to make the journey, making the giant tortoise the primary grazing animal in the Gobi Los."
